timestamp,pid,label,rss_kb
1787325966,14313,brain_daemon,7448704
1787325966,32999,arc_client,12336
1787325968,14313,brain_daemon,7465536
1787325968,32999,arc_client,80720
1787325970,14313,brain_daemon,5061056
1787325970,32999,arc_client,62064
1787325972,14313,brain_daemon,209440
1787325972,32999,arc_client,57584
1787325974,14313,brain_daemon,385280
1787325974,32999,arc_client,19776
1787325976,14313,brain_daemon,431360
1787325976,32999,arc_client,16896
1787325978,14313,brain_daemon,595104
1787325978,32999,arc_client,46560
1787325980,14313,brain_daemon,595056
1787325980,32999,arc_client,46560
1787325982,14313,brain_daemon,595056
1787325982,32999,arc_client,46560
1787325984,14313,brain_daemon,587696
1787325984,32999,arc_client,46240
1787325986,14313,brain_daemon,581408
1787325986,32999,arc_client,46112
1787325988,14313,brain_daemon,581440
1787325988,32999,arc_client,46112
1787325990,14313,brain_daemon,587744
1787325990,32999,arc_client,52992
1787325992,14313,brain_daemon,511760
1787325992,32999,arc_client,49472
1787325994,14313,brain_daemon,605824
1787325994,32999,arc_client,49472
1787325996,14313,brain_daemon,558432
1787325996,32999,arc_client,47024
1787325998,14313,brain_daemon,517440
1787325998,32999,arc_client,46944
1787326000,14313,brain_daemon,516944
1787326000,32999,arc_client,46928
1787326002,14313,brain_daemon,516944
1787326002,32999,arc_client,46928
1787326004,14313,brain_daemon,518304
1787326004,32999,arc_client,46928
1787326007,14313,brain_daemon,838880
1787326007,32999,arc_client,50576
1787326009,14313,brain_daemon,844480
1787326009,32999,arc_client,44208
1787326011,14313,brain_daemon,844496
1787326011,32999,arc_client,44208
1787326013,14313,brain_daemon,844528
1787326013,32999,arc_client,44208
1787326015,14313,brain_daemon,844768
1787326015,32999,arc_client,44208
1787326017,14313,brain_daemon,788736
1787326017,32999,arc_client,43888
1787326019,14313,brain_daemon,811328
1787326019,32999,arc_client,43888
1787326021,14313,brain_daemon,803616
1787326021,32999,arc_client,43872
1787326023,14313,brain_daemon,549696
1787326023,32999,arc_client,48768
1787326025,14313,brain_daemon,593760
1787326025,32999,arc_client,48784
1787326027,14313,brain_daemon,593872
1787326027,32999,arc_client,48784
1787326029,14313,brain_daemon,600496
1787326029,32999,arc_client,47728
1787326031,14313,brain_daemon,589040
1787326031,32999,arc_client,47456
1787326033,14313,brain_daemon,589072
1787326033,32999,arc_client,47456
1787326035,14313,brain_daemon,589728
1787326035,32999,arc_client,47456
1787326037,14313,brain_daemon,589856
1787326037,32999,arc_client,47456
1787326039,14313,brain_daemon,621088
1787326039,32999,arc_client,47840
1787326041,14313,brain_daemon,598560
1787326041,32999,arc_client,49024
1787326043,14313,brain_daemon,570336
1787326043,32999,arc_client,49024
1787326045,14313,brain_daemon,571264
1787326045,32999,arc_client,49024
1787326047,14313,brain_daemon,571264
1787326047,32999,arc_client,49024
1787326049,14313,brain_daemon,571264
1787326049,32999,arc_client,49024
1787326051,14313,brain_daemon,571552
1787326051,32999,arc_client,49024
1787326053,14313,brain_daemon,522656
1787326053,32999,arc_client,49488
1787326055,14313,brain_daemon,406672
1787326055,32999,arc_client,48896
1787326057,14313,brain_daemon,406672
1787326057,32999,arc_client,48896
1787326060,14313,brain_daemon,410576
1787326060,32999,arc_client,48896
1787326062,14313,brain_daemon,410592
1787326062,32999,arc_client,48896
1787326064,14313,brain_daemon,410592
1787326064,32999,arc_client,48896
1787326066,14313,brain_daemon,410608
1787326066,32999,arc_client,48896
1787326068,14313,brain_daemon,411280
1787326068,32999,arc_client,48896
1787326070,14313,brain_daemon,307328
1787326070,32999,arc_client,30352
1787326072,14313,brain_daemon,308576
1787326072,32999,arc_client,49072
1787326074,14313,brain_daemon,308592
1787326074,32999,arc_client,49072
1787326076,14313,brain_daemon,309088
1787326076,32999,arc_client,49072
1787326078,14313,brain_daemon,309088
1787326078,32999,arc_client,49072
1787326080,14313,brain_daemon,309104
1787326080,32999,arc_client,49072
1787326082,14313,brain_daemon,309200
1787326082,32999,arc_client,49072
1787326084,14313,brain_daemon,309184
1787326084,32999,arc_client,49728
1787326086,14313,brain_daemon,250992
1787326086,32999,arc_client,48528
1787326088,14313,brain_daemon,250864
1787326088,32999,arc_client,48528
1787326090,14313,brain_daemon,253136
1787326090,32999,arc_client,48528
1787326092,14313,brain_daemon,253152
1787326092,32999,arc_client,48528
1787326094,14313,brain_daemon,253152
1787326094,32999,arc_client,48528
1787326096,14313,brain_daemon,255328
1787326096,32999,arc_client,48528
1787326098,14313,brain_daemon,255328
1787326098,32999,arc_client,48528
1787326100,14313,brain_daemon,289264
1787326100,32999,arc_client,46224
1787326102,14313,brain_daemon,292288
1787326102,32999,arc_client,49248
1787326104,14313,brain_daemon,292368
1787326104,32999,arc_client,49248
1787326106,14313,brain_daemon,293168
1787326106,32999,arc_client,49248
1787326108,14313,brain_daemon,293184
1787326108,32999,arc_client,49248
1787326110,14313,brain_daemon,293232
1787326110,32999,arc_client,49248
1787326112,14313,brain_daemon,294768
1787326112,32999,arc_client,49248
1787326114,14313,brain_daemon,310336
1787326114,32999,arc_client,49744
1787326117,14313,brain_daemon,311712
1787326117,32999,arc_client,49248
1787326119,14313,brain_daemon,312096
1787326119,32999,arc_client,49248
1787326121,14313,brain_daemon,313952
1787326121,32999,arc_client,49248
1787326123,14313,brain_daemon,313952
1787326123,32999,arc_client,49248
1787326125,14313,brain_daemon,313968
1787326125,32999,arc_client,49248
1787326127,14313,brain_daemon,314032
1787326127,32999,arc_client,49248
1787326129,14313,brain_daemon,314048
1787326129,32999,arc_client,49248
1787326131,14313,brain_daemon,226960
1787326131,32999,arc_client,49072
1787326133,14313,brain_daemon,227280
1787326133,32999,arc_client,48944
1787326135,14313,brain_daemon,229744
1787326135,32999,arc_client,48944
1787326137,14313,brain_daemon,230320
1787326137,32999,arc_client,48944
1787326139,14313,brain_daemon,231072
1787326139,32999,arc_client,48944
1787326141,14313,brain_daemon,231072
1787326141,32999,arc_client,48944
1787326143,14313,brain_daemon,234032
1787326143,32999,arc_client,48944
1787326145,14313,brain_daemon,302864
1787326145,32999,arc_client,48944
1787326147,14313,brain_daemon,307408
1787326147,32999,arc_client,47920
1787326149,14313,brain_daemon,310688
1787326149,32999,arc_client,49200
1787326151,14313,brain_daemon,309728
1787326151,32999,arc_client,48896
1787326153,14313,brain_daemon,309728
1787326153,32999,arc_client,48896
1787326155,14313,brain_daemon,309776
1787326155,32999,arc_client,48896
1787326157,14313,brain_daemon,310928
1787326157,32999,arc_client,48896
1787326159,14313,brain_daemon,311712
1787326159,32999,arc_client,48896
1787326161,14313,brain_daemon,312864
1787326161,32999,arc_client,49200
1787326163,14313,brain_daemon,293296
1787326163,32999,arc_client,44624
1787326165,14313,brain_daemon,295248
1787326165,32999,arc_client,44624
1787326167,14313,brain_daemon,295584
1787326167,32999,arc_client,44624
1787326169,14313,brain_daemon,295648
1787326169,32999,arc_client,44624
1787326172,14313,brain_daemon,295648
1787326172,32999,arc_client,44624
1787326174,14313,brain_daemon,296000
1787326174,32999,arc_client,44624
1787326176,14313,brain_daemon,299024
1787326176,32999,arc_client,44624
1787326178,14313,brain_daemon,315904
1787326178,32999,arc_client,49984
1787326180,14313,brain_daemon,319616
1787326180,32999,arc_client,50064
1787326182,14313,brain_daemon,319616
1787326182,32999,arc_client,50064
1787326184,14313,brain_daemon,316560
1787326184,32999,arc_client,49760
1787326186,14313,brain_daemon,316560
1787326186,32999,arc_client,49760
1787326188,14313,brain_daemon,316576
1787326188,32999,arc_client,49760
1787326190,14313,brain_daemon,317424
1787326190,32999,arc_client,49760
1787326192,14313,brain_daemon,317408
1787326192,32999,arc_client,49760
1787326194,14313,brain_daemon,312448
1787326194,32999,arc_client,47424
1787326196,14313,brain_daemon,309280
1787326196,32999,arc_client,49456
1787326198,14313,brain_daemon,307616
1787326198,32999,arc_client,48992
1787326200,14313,brain_daemon,848400
1787326200,32999,arc_client,48992
1787326202,14313,brain_daemon,898608
1787326202,32999,arc_client,48992
1787326204,14313,brain_daemon,935888
1787326204,32999,arc_client,48992
1787326206,14313,brain_daemon,968960
1787326206,32999,arc_client,48992
1787326208,14313,brain_daemon,1001168
1787326208,32999,arc_client,48944
1787326210,14313,brain_daemon,1030144
1787326210,32999,arc_client,49152
1787326212,14313,brain_daemon,1063184
1787326212,32999,arc_client,49152
1787326214,14313,brain_daemon,1098848
1787326214,32999,arc_client,49152
1787326216,14313,brain_daemon,1136992
1787326216,32999,arc_client,49504
1787326218,14313,brain_daemon,1134144
1787326218,32999,arc_client,49216
1787326220,14313,brain_daemon,1167072
1787326220,32999,arc_client,49216
1787326222,14313,brain_daemon,1199616
1787326222,32999,arc_client,49216
1787326225,14313,brain_daemon,1236624
1787326225,32999,arc_client,49216
1787326227,14313,brain_daemon,1270896
1787326227,32999,arc_client,49216
1787326229,14313,brain_daemon,1304272
1787326229,32999,arc_client,49216
1787326231,14313,brain_daemon,1339360
1787326231,32999,arc_client,49712
1787326233,14313,brain_daemon,1372400
1787326233,32999,arc_client,49712
1787326235,14313,brain_daemon,1405776
1787326235,32999,arc_client,49712
1787326237,14313,brain_daemon,1439232
1787326237,32999,arc_client,49712
1787326239,14313,brain_daemon,1477072
1787326239,32999,arc_client,49712
1787326241,14313,brain_daemon,1511104
1787326241,32999,arc_client,49712
1787326243,14313,brain_daemon,1545728
1787326243,32999,arc_client,49712
1787326245,14313,brain_daemon,1580000
1787326245,32999,arc_client,49712
1787326247,14313,brain_daemon,1616528
1787326247,32999,arc_client,49712
1787326249,14313,brain_daemon,1652640
1787326249,32999,arc_client,49712
1787326251,14313,brain_daemon,1692640
1787326251,32999,arc_client,49712
1787326253,14313,brain_daemon,1731168
1787326253,32999,arc_client,49712
1787326255,14313,brain_daemon,1766784
1787326255,32999,arc_client,49712
1787326257,14313,brain_daemon,1803424
1787326257,32999,arc_client,49712
1787326259,14313,brain_daemon,1843392
1787326259,32999,arc_client,49712
1787326261,14313,brain_daemon,1883904
1787326261,32999,arc_client,49712
1787326263,14313,brain_daemon,1919392
1787326263,32999,arc_client,49712
1787326265,14313,brain_daemon,1696784
1787326265,32999,arc_client,46160
1787326267,14313,brain_daemon,1153024
1787326267,32999,arc_client,42880
1787326270,14313,brain_daemon,1182784
1787326270,32999,arc_client,42880
1787326272,14313,brain_daemon,1135808
1787326272,32999,arc_client,46032
1787326274,14313,brain_daemon,1148272
1787326274,32999,arc_client,45472
1787326276,14313,brain_daemon,1176848
1787326276,32999,arc_client,45472
1787326278,14313,brain_daemon,1197952
1787326278,32999,arc_client,45472
1787326280,14313,brain_daemon,1254304
1787326280,32999,arc_client,45472
1787326282,14313,brain_daemon,1277008
1787326282,32999,arc_client,45472
1787326284,14313,brain_daemon,1277008
1787326284,32999,arc_client,45472
1787326286,14313,brain_daemon,1280336
1787326286,32999,arc_client,49344
1787326288,14313,brain_daemon,1281008
1787326288,32999,arc_client,49504
1787326290,14313,brain_daemon,1281040
1787326290,32999,arc_client,49504
1787326292,14313,brain_daemon,1281040
1787326292,32999,arc_client,49504
1787326294,14313,brain_daemon,1281040
1787326294,32999,arc_client,49504
1787326296,14313,brain_daemon,1281664
1787326296,32999,arc_client,49504
1787326298,14313,brain_daemon,1281664
1787326298,32999,arc_client,49504
1787326300,14313,brain_daemon,1281664
1787326300,32999,arc_client,49504
1787326302,14313,brain_daemon,864832
1787326302,32999,arc_client,49920
1787326304,14313,brain_daemon,833456
1787326304,32999,arc_client,49776
1787326306,14313,brain_daemon,796336
1787326306,32999,arc_client,49680
1787326308,14313,brain_daemon,791152
1787326308,32999,arc_client,49680
1787326310,14313,brain_daemon,791152
1787326310,32999,arc_client,49680
1787326312,14313,brain_daemon,792800
1787326312,32999,arc_client,49680
1787326314,14313,brain_daemon,792800
1787326314,32999,arc_client,49680
1787326316,14313,brain_daemon,795856
1787326316,32999,arc_client,50144
1787326318,14313,brain_daemon,700640
1787326318,32999,arc_client,50208
1787326320,14313,brain_daemon,662784
1787326320,32999,arc_client,50176
1787326323,14313,brain_daemon,662784
1787326323,32999,arc_client,50176
1787326325,14313,brain_daemon,662784
1787326325,32999,arc_client,50176
1787326327,14313,brain_daemon,664336
1787326327,32999,arc_client,50176
1787326329,14313,brain_daemon,664336
1787326329,32999,arc_client,50176
1787326331,14313,brain_daemon,664336
1787326331,32999,arc_client,50176
1787326333,14313,brain_daemon,622304
1787326333,32999,arc_client,50720
1787326335,14313,brain_daemon,620160
1787326335,32999,arc_client,50704
1787326337,14313,brain_daemon,620160
1787326337,32999,arc_client,50704
1787326339,14313,brain_daemon,583744
1787326339,32999,arc_client,50672
1787326341,14313,brain_daemon,583744
1787326341,32999,arc_client,50672
1787326343,14313,brain_daemon,582128
1787326343,32999,arc_client,50640
1787326345,14313,brain_daemon,582128
1787326345,32999,arc_client,50640
1787326347,14313,brain_daemon,564288
1787326347,32999,arc_client,50992
1787326349,14313,brain_daemon,313776
1787326349,32999,arc_client,50384
1787326351,14313,brain_daemon,313648
1787326351,32999,arc_client,50384
1787326353,14313,brain_daemon,313744
1787326353,32999,arc_client,50384
1787326355,14313,brain_daemon,313744
1787326355,32999,arc_client,50384
1787326357,14313,brain_daemon,319440
1787326357,32999,arc_client,50384
1787326359,14313,brain_daemon,319456
1787326359,32999,arc_client,50384
1787326361,14313,brain_daemon,319456
1787326361,32999,arc_client,50400
1787326363,14313,brain_daemon,326880
1787326363,32999,arc_client,51136
1787326365,14313,brain_daemon,327136
1787326365,32999,arc_client,51136
1787326367,14313,brain_daemon,327136
1787326367,32999,arc_client,51136
1787326369,14313,brain_daemon,327136
1787326369,32999,arc_client,51136
1787326371,14313,brain_daemon,327952
1787326371,32999,arc_client,51136
1787326373,14313,brain_daemon,327952
1787326373,32999,arc_client,51136
1787326375,14313,brain_daemon,328208
1787326375,32999,arc_client,51136
1787326377,14313,brain_daemon,333936
1787326377,32999,arc_client,51632
1787326380,14313,brain_daemon,334576
1787326380,32999,arc_client,51696
1787326382,14313,brain_daemon,334576
1787326382,32999,arc_client,51696
1787326384,14313,brain_daemon,334576
1787326384,32999,arc_client,51696
1787326386,14313,brain_daemon,334576
1787326386,32999,arc_client,51728
1787326388,14313,brain_daemon,334624
1787326388,32999,arc_client,51520
1787326390,14313,brain_daemon,327296
1787326390,32999,arc_client,50784
1787326392,14313,brain_daemon,327296
1787326392,32999,arc_client,50800
1787326394,14313,brain_daemon,326032
1787326394,32999,arc_client,51216
1787326396,14313,brain_daemon,327056
1787326396,32999,arc_client,51216
1787326398,14313,brain_daemon,327248
1787326398,32999,arc_client,51216
1787326400,14313,brain_daemon,326704
1787326400,32999,arc_client,51216
1787326402,14313,brain_daemon,323664
1787326402,32999,arc_client,51104
1787326404,14313,brain_daemon,312112
1787326404,32999,arc_client,50432
1787326406,14313,brain_daemon,312416
1787326406,32999,arc_client,50432
1787326408,14313,brain_daemon,324272
1787326408,32999,arc_client,50688
1787326410,14313,brain_daemon,323200
1787326410,32999,arc_client,50752
1787326412,14313,brain_daemon,323200
1787326412,32999,arc_client,50752
1787326414,14313,brain_daemon,323248
1787326414,32999,arc_client,50752
1787326416,14313,brain_daemon,323328
1787326416,32999,arc_client,50752
1787326418,14313,brain_daemon,324432
1787326418,32999,arc_client,50752
1787326420,14313,brain_daemon,324432
1787326420,32999,arc_client,50752
1787326422,14313,brain_daemon,323984
1787326422,32999,arc_client,50752
1787326424,14313,brain_daemon,322896
1787326424,32999,arc_client,51040
1787326426,14313,brain_daemon,322272
1787326426,32999,arc_client,50976
1787326428,14313,brain_daemon,321168
1787326428,32999,arc_client,50976
1787326430,14313,brain_daemon,321184
1787326430,32999,arc_client,50976
1787326432,14313,brain_daemon,322384
1787326432,32999,arc_client,50976
1787326435,14313,brain_daemon,322384
1787326435,32999,arc_client,50976
1787326437,14313,brain_daemon,322656
1787326437,32999,arc_client,50976
1787326439,14313,brain_daemon,323888
1787326439,32999,arc_client,51376
1787326441,14313,brain_daemon,283344
1787326441,32999,arc_client,48560
1787326443,14313,brain_daemon,283344
1787326443,32999,arc_client,48560
1787326445,14313,brain_daemon,283760
1787326445,32999,arc_client,48560
1787326447,14313,brain_daemon,301376
1787326447,32999,arc_client,48560
1787326449,14313,brain_daemon,302208
1787326449,32999,arc_client,48560
1787326451,14313,brain_daemon,302208
1787326451,32999,arc_client,48560
1787326453,14313,brain_daemon,302208
1787326453,32999,arc_client,48560
1787326455,14313,brain_daemon,291312
1787326455,32999,arc_client,44752
1787326457,14313,brain_daemon,308688
1787326457,32999,arc_client,50528
1787326459,14313,brain_daemon,308704
1787326459,32999,arc_client,50528
1787326461,14313,brain_daemon,308720
1787326461,32999,arc_client,50528
1787326463,14313,brain_daemon,321632
1787326463,32999,arc_client,50528
1787326465,14313,brain_daemon,321632
1787326465,32999,arc_client,50528
1787326467,14313,brain_daemon,321904
1787326467,32999,arc_client,50528
1787326469,14313,brain_daemon,321904
1787326469,32999,arc_client,50528
1787326471,14313,brain_daemon,321904
1787326471,32999,arc_client,50528
1787326473,14313,brain_daemon,312800
1787326473,32999,arc_client,49808
1787326475,14313,brain_daemon,314688
1787326475,32999,arc_client,50240
1787326477,14313,brain_daemon,318912
1787326477,32999,arc_client,50240
1787326479,14313,brain_daemon,318912
1787326479,32999,arc_client,50240
1787326481,14313,brain_daemon,318912
1787326481,32999,arc_client,50240
1787326483,14313,brain_daemon,318928
1787326483,32999,arc_client,50240
1787326485,14313,brain_daemon,318944
1787326485,32999,arc_client,50240
1787326488,14313,brain_daemon,319232
1787326488,32999,arc_client,50240
1787326490,14313,brain_daemon,323600
1787326490,32999,arc_client,50864
1787326492,14313,brain_daemon,327648
1787326492,32999,arc_client,50976
1787326494,14313,brain_daemon,328672
1787326494,32999,arc_client,50976
1787326496,14313,brain_daemon,321888
1787326496,32999,arc_client,50384
1787326498,14313,brain_daemon,321264
1787326498,32999,arc_client,50256
1787326500,14313,brain_daemon,321280
1787326500,32999,arc_client,50256
1787326502,14313,brain_daemon,321280
1787326502,32999,arc_client,50256
1787326504,14313,brain_daemon,321280
1787326504,32999,arc_client,50256
1787326506,14313,brain_daemon,321280
1787326506,32999,arc_client,50256
1787326508,14313,brain_daemon,284592
1787326508,32999,arc_client,63216
1787326510,14313,brain_daemon,273424
1787326510,32999,arc_client,61760
1787326512,14313,brain_daemon,273520
1787326512,32999,arc_client,61760
1787326514,14313,brain_daemon,281504
1787326514,32999,arc_client,63008
1787326516,14313,brain_daemon,282560
1787326516,32999,arc_client,63008
1787326518,14313,brain_daemon,282560
1787326518,32999,arc_client,63008
1787326520,14313,brain_daemon,282560
1787326520,32999,arc_client,63008
1787326522,14313,brain_daemon,300640
1787326522,32999,arc_client,63008
1787326524,14313,brain_daemon,304672
1787326524,32999,arc_client,63008
1787326526,14313,brain_daemon,311904
1787326526,32999,arc_client,63008
1787326528,14313,brain_daemon,321408
1787326528,32999,arc_client,63728
1787326530,14313,brain_daemon,320320
1787326530,32999,arc_client,63728
1787326532,14313,brain_daemon,320320
1787326532,32999,arc_client,63728
1787326534,14313,brain_daemon,320320
1787326534,32999,arc_client,63728
1787326536,14313,brain_daemon,320384
1787326536,32999,arc_client,63728
1787326539,14313,brain_daemon,321296
1787326539,32999,arc_client,63728
1787326541,14313,brain_daemon,321760
1787326541,32999,arc_client,63680
1787326543,14313,brain_daemon,326304
1787326543,32999,arc_client,63824
1787326545,14313,brain_daemon,325984
1787326545,32999,arc_client,63648
1787326547,14313,brain_daemon,313632
1787326547,32999,arc_client,63408
1787326549,14313,brain_daemon,313632
1787326549,32999,arc_client,63408
1787326551,14313,brain_daemon,313632
1787326551,32999,arc_client,63408
1787326553,14313,brain_daemon,322000
1787326553,32999,arc_client,63408
1787326555,14313,brain_daemon,322000
1787326555,32999,arc_client,63408
1787326557,14313,brain_daemon,322016
1787326557,32999,arc_client,63408
1787326559,14313,brain_daemon,323472
1787326559,32999,arc_client,63472
1787326561,14313,brain_daemon,325920
1787326561,32999,arc_client,63456
1787326563,14313,brain_daemon,321840
1787326563,32999,arc_client,63312
1787326565,14313,brain_daemon,321840
1787326565,32999,arc_client,63312
1787326567,14313,brain_daemon,321856
1787326567,32999,arc_client,63312
1787326569,14313,brain_daemon,328256
1787326569,32999,arc_client,63312
1787326571,14313,brain_daemon,328256
1787326571,32999,arc_client,63312
1787326573,14313,brain_daemon,328640
1787326573,32999,arc_client,63232
1787326575,14313,brain_daemon,333088
1787326575,32999,arc_client,63440
1787326577,14313,brain_daemon,333232
1787326577,32999,arc_client,63440
1787326579,14313,brain_daemon,814448
1787326579,32999,arc_client,49792
1787326581,14313,brain_daemon,866464
1787326581,32999,arc_client,49792
1787326583,14313,brain_daemon,905392
1787326583,32999,arc_client,49792
1787326585,14313,brain_daemon,940560
1787326585,32999,arc_client,49792
1787326588,14313,brain_daemon,976288
1787326588,32999,arc_client,49792
1787326590,14313,brain_daemon,1011760
1787326590,32999,arc_client,49792
1787326592,14313,brain_daemon,1040928
1787326592,32999,arc_client,49872
1787326594,14313,brain_daemon,1075376
1787326594,32999,arc_client,49872
1787326596,14313,brain_daemon,1113216
1787326596,32999,arc_client,49872
1787326598,14313,brain_daemon,1150352
1787326598,32999,arc_client,50688
1787326600,14313,brain_daemon,1184864
1787326600,32999,arc_client,50688
1787326602,14313,brain_daemon,1219024
1787326602,32999,arc_client,50672
1787326604,14313,brain_daemon,1253376
1787326604,32999,arc_client,50672
1787326606,14313,brain_daemon,1287552
1787326606,32999,arc_client,50672
1787326608,14313,brain_daemon,1323248
1787326608,32999,arc_client,50672
1787326610,14313,brain_daemon,1356704
1787326610,32999,arc_client,50672
1787326612,14313,brain_daemon,1390096
1787326612,32999,arc_client,50672
1787326614,14313,brain_daemon,1424384
1787326614,32999,arc_client,50672
1787326616,14313,brain_daemon,1458400
1787326616,32999,arc_client,50672
1787326618,14313,brain_daemon,1462912
1787326618,32999,arc_client,50608
1787326620,14313,brain_daemon,1498080
1787326620,32999,arc_client,50608
1787326622,14313,brain_daemon,1487376
1787326622,32999,arc_client,50512
1787326624,14313,brain_daemon,1517648
1787326624,32999,arc_client,50512
1787326626,14313,brain_daemon,1488736
1787326626,32999,arc_client,50512
1787326628,14313,brain_daemon,1504752
1787326628,32999,arc_client,50512
1787326631,14313,brain_daemon,1460224
1787326631,32999,arc_client,50512
1787326633,14313,brain_daemon,1499728
1787326633,32999,arc_client,50512
1787326635,14313,brain_daemon,1537824
1787326635,32999,arc_client,50512
1787326637,14313,brain_daemon,1578272
1787326637,32999,arc_client,50512
1787326639,14313,brain_daemon,1605152
1787326639,32999,arc_client,50512
1787326641,14313,brain_daemon,1646096
1787326641,32999,arc_client,50512
1787326643,14313,brain_daemon,1656464
1787326643,32999,arc_client,50448
1787326645,14313,brain_daemon,1172528
1787326645,32999,arc_client,49984
1787326647,14313,brain_daemon,1165728
1787326647,32999,arc_client,49712
1787326649,14313,brain_daemon,1169488
1787326649,32999,arc_client,48336
1787326651,14313,brain_daemon,1192048
1787326651,32999,arc_client,48336
1787326653,14313,brain_daemon,1221472
1787326653,32999,arc_client,48336
1787326655,14313,brain_daemon,1244784
1787326655,32999,arc_client,48336
1787326657,14313,brain_daemon,1262528
1787326657,32999,arc_client,48336
1787326659,14313,brain_daemon,958960
1787326659,32999,arc_client,49568
1787326661,14313,brain_daemon,924752
1787326661,32999,arc_client,49568
1787326663,14313,brain_daemon,911696
1787326663,32999,arc_client,49744
1787326666,14313,brain_daemon,908144
1787326666,32999,arc_client,49744
1787326668,14313,brain_daemon,876960
1787326668,32999,arc_client,49744
1787326670,14313,brain_daemon,875984
1787326670,32999,arc_client,49744
1787326672,14313,brain_daemon,863232
1787326672,32999,arc_client,49744
1787326674,14313,brain_daemon,863232
1787326674,32999,arc_client,49744
1787326676,14313,brain_daemon,863296
1787326676,32999,arc_client,49744
1787326678,14313,brain_daemon,444048
1787326678,32999,arc_client,50032
1787326680,14313,brain_daemon,431376
1787326680,32999,arc_client,50000
1787326682,14313,brain_daemon,431376
1787326682,32999,arc_client,50000
1787326684,14313,brain_daemon,432368
1787326684,32999,arc_client,50000
1787326686,14313,brain_daemon,432368
1787326686,32999,arc_client,50000
1787326688,14313,brain_daemon,432368
1787326688,32999,arc_client,50000
1787326690,14313,brain_daemon,348960
1787326690,32999,arc_client,50672
1787326692,14313,brain_daemon,340768
1787326692,32999,arc_client,50608
1787326694,14313,brain_daemon,340176
1787326694,32999,arc_client,50688
1787326696,14313,brain_daemon,307376
1787326696,32999,arc_client,49600
1787326698,14313,brain_daemon,307168
1787326698,32999,arc_client,49472
1787326700,14313,brain_daemon,307232
1787326700,32999,arc_client,49472
1787326702,14313,brain_daemon,307232
1787326702,32999,arc_client,49472
1787326704,14313,brain_daemon,309712
1787326704,32999,arc_client,49472
1787326706,14313,brain_daemon,331360
1787326706,32999,arc_client,50624
1787326708,14313,brain_daemon,331360
1787326708,32999,arc_client,50624
1787326710,14313,brain_daemon,332256
1787326710,32999,arc_client,50688
1787326712,14313,brain_daemon,332096
1787326712,32999,arc_client,50688
1787326715,14313,brain_daemon,332736
1787326715,32999,arc_client,50688
1787326717,14313,brain_daemon,332736
1787326717,32999,arc_client,50688
1787326719,14313,brain_daemon,325152
1787326719,32999,arc_client,50496
1787326721,14313,brain_daemon,333776
1787326721,32999,arc_client,50400
1787326723,14313,brain_daemon,332848
1787326723,32999,arc_client,50400
1787326725,14313,brain_daemon,338432
1787326725,32999,arc_client,57232
1787326727,14313,brain_daemon,338016
1787326727,32999,arc_client,57104
1787326729,14313,brain_daemon,340416
1787326729,32999,arc_client,57152
1787326731,14313,brain_daemon,340432
1787326731,32999,arc_client,57152
1787326733,14313,brain_daemon,340432
1787326733,32999,arc_client,57152
1787326735,14313,brain_daemon,340768
1787326735,32999,arc_client,57104
1787326737,14313,brain_daemon,340768
1787326737,32999,arc_client,57104
1787326739,14313,brain_daemon,340128
1787326739,32999,arc_client,56016
1787326741,14313,brain_daemon,339824
1787326741,32999,arc_client,55968
1787326743,14313,brain_daemon,354432
1787326743,32999,arc_client,56144
1787326745,14313,brain_daemon,349552
1787326745,32999,arc_client,55584
1787326747,14313,brain_daemon,317408
1787326747,32999,arc_client,54768
1787326749,14313,brain_daemon,317408
1787326749,32999,arc_client,54768
1787326751,14313,brain_daemon,352176
1787326751,32999,arc_client,54768
1787326753,14313,brain_daemon,352176
1787326753,32999,arc_client,54768
1787326755,14313,brain_daemon,352208
1787326755,32999,arc_client,54768
1787326757,14313,brain_daemon,352208
1787326757,32999,arc_client,54768
1787326759,14313,brain_daemon,342720
1787326759,32999,arc_client,54112
1787326761,14313,brain_daemon,340144
1787326761,32999,arc_client,54304
1787326764,14313,brain_daemon,340144
1787326764,32999,arc_client,54304
1787326766,14313,brain_daemon,327344
1787326766,32999,arc_client,53584
1787326768,14313,brain_daemon,323136
1787326768,32999,arc_client,49360
1787326770,14313,brain_daemon,323136
1787326770,32999,arc_client,49360
1787326772,14313,brain_daemon,323136
1787326772,32999,arc_client,49360
1787326774,14313,brain_daemon,323136
1787326774,32999,arc_client,49360
1787326776,14313,brain_daemon,323280
1787326776,32999,arc_client,49360
1787326778,14313,brain_daemon,323280
1787326778,32999,arc_client,49360
1787326780,14313,brain_daemon,330208
1787326780,32999,arc_client,49152
1787326782,14313,brain_daemon,336128
1787326782,32999,arc_client,49072
1787326784,14313,brain_daemon,306416
1787326784,32999,arc_client,44912
1787326786,14313,brain_daemon,307632
1787326786,32999,arc_client,44912
1787326788,14313,brain_daemon,307632
1787326788,32999,arc_client,44912
1787326790,14313,brain_daemon,307648
1787326790,32999,arc_client,44912
1787326792,14313,brain_daemon,307648
1787326792,32999,arc_client,44912
1787326794,14313,brain_daemon,307664
1787326794,32999,arc_client,44912
1787326796,14313,brain_daemon,308384
1787326796,32999,arc_client,44912
1787326798,14313,brain_daemon,319008
1787326798,32999,arc_client,49920
1787326800,14313,brain_daemon,318848
1787326800,32999,arc_client,49920
1787326802,14313,brain_daemon,319584
1787326802,32999,arc_client,49952
1787326804,14313,brain_daemon,319648
1787326804,32999,arc_client,49952
1787326806,14313,brain_daemon,319648
1787326806,32999,arc_client,49952
1787326808,14313,brain_daemon,319648
1787326808,32999,arc_client,49952
1787326810,14313,brain_daemon,330240
1787326810,32999,arc_client,49952
1787326813,14313,brain_daemon,326848
1787326813,32999,arc_client,49952
1787326815,14313,brain_daemon,323456
1787326815,32999,arc_client,49840
1787326817,14313,brain_daemon,327056
1787326817,32999,arc_client,50592
1787326819,14313,brain_daemon,326944
1787326819,32999,arc_client,50592
1787326821,14313,brain_daemon,326224
1787326821,32999,arc_client,50496
1787326823,14313,brain_daemon,325632
1787326823,32999,arc_client,50400
1787326825,14313,brain_daemon,327584
1787326825,32999,arc_client,50400
1787326827,14313,brain_daemon,328928
1787326827,32999,arc_client,50400
1787326829,14313,brain_daemon,328928
1787326829,32999,arc_client,50400
1787326831,14313,brain_daemon,327120
1787326831,32999,arc_client,87248
1787326833,14313,brain_daemon,327008
1787326833,32999,arc_client,87248
1787326835,14313,brain_daemon,322704
1787326835,32999,arc_client,87152
1787326837,14313,brain_daemon,317920
1787326837,32999,arc_client,87024
1787326839,14313,brain_daemon,317920
1787326839,32999,arc_client,87024
1787326841,14313,brain_daemon,328880
1787326841,32999,arc_client,87024
1787326843,14313,brain_daemon,328896
1787326843,32999,arc_client,87024
1787326845,14313,brain_daemon,328896
1787326845,32999,arc_client,87024
1787326847,14313,brain_daemon,328896
1787326847,32999,arc_client,87024
1787326849,14313,brain_daemon,332416
1787326849,32999,arc_client,87120
1787326851,14313,brain_daemon,330128
1787326851,32999,arc_client,86864
1787326853,14313,brain_daemon,330128
1787326853,32999,arc_client,86864
1787326855,14313,brain_daemon,330288
1787326855,32999,arc_client,86864
1787326857,14313,brain_daemon,331296
1787326857,32999,arc_client,86864
1787326859,14313,brain_daemon,331312
1787326859,32999,arc_client,86864
1787326862,14313,brain_daemon,331312
1787326862,32999,arc_client,86864
1787326864,14313,brain_daemon,331312
1787326864,32999,arc_client,86864
1787326866,14313,brain_daemon,339648
1787326866,32999,arc_client,86944
1787326868,14313,brain_daemon,339648
1787326868,32999,arc_client,86944
1787326870,14313,brain_daemon,342064
1787326870,32999,arc_client,86944
1787326872,14313,brain_daemon,345712
1787326872,32999,arc_client,86944
1787326874,14313,brain_daemon,345712
1787326874,32999,arc_client,86944
1787326876,14313,brain_daemon,345712
1787326876,32999,arc_client,86944
1787326878,14313,brain_daemon,345712
1787326878,32999,arc_client,86944
1787326880,14313,brain_daemon,345712
1787326880,32999,arc_client,86944
1787326882,14313,brain_daemon,345712
1787326882,32999,arc_client,86944
1787326884,14313,brain_daemon,348304
1787326884,32999,arc_client,87152
1787326886,14313,brain_daemon,349968
1787326886,32999,arc_client,87152
1787326888,14313,brain_daemon,350576
1787326888,32999,arc_client,87152
1787326890,14313,brain_daemon,350592
1787326890,32999,arc_client,87152
1787326892,14313,brain_daemon,350592
1787326892,32999,arc_client,87152
1787326894,14313,brain_daemon,350608
1787326894,32999,arc_client,87152
1787326896,14313,brain_daemon,350624
1787326896,32999,arc_client,87152
1787326898,14313,brain_daemon,350624
1787326898,32999,arc_client,87152
1787326900,14313,brain_daemon,350656
1787326900,32999,arc_client,87152
1787326902,14313,brain_daemon,350960
1787326902,32999,arc_client,87216
1787326904,14313,brain_daemon,354016
1787326904,32999,arc_client,87696
1787326906,14313,brain_daemon,354416
1787326906,32999,arc_client,87728
1787326908,14313,brain_daemon,354432
1787326908,32999,arc_client,87728
1787326911,14313,brain_daemon,354432
1787326911,32999,arc_client,87728
1787326913,14313,brain_daemon,354432
1787326913,32999,arc_client,87728
1787326915,14313,brain_daemon,354480
1787326915,32999,arc_client,87728
1787326917,14313,brain_daemon,354912
1787326917,32999,arc_client,87728
1787326919,14313,brain_daemon,358992
1787326919,32999,arc_client,88064
1787326921,14313,brain_daemon,358832
1787326921,32999,arc_client,88064
1787326923,14313,brain_daemon,359376
1787326923,32999,arc_client,88064
1787326925,14313,brain_daemon,359376
1787326925,32999,arc_client,88064
1787326927,14313,brain_daemon,359392
1787326927,32999,arc_client,88064
1787326929,14313,brain_daemon,359424
1787326929,32999,arc_client,88064
1787326931,14313,brain_daemon,359424
1787326931,32999,arc_client,88064
1787326933,14313,brain_daemon,360000
1787326933,32999,arc_client,88064
1787326935,14313,brain_daemon,360000
1787326935,32999,arc_client,88064
1787326937,14313,brain_daemon,360000
1787326937,32999,arc_client,88064
1787326939,14313,brain_daemon,362384
1787326939,32999,arc_client,88432
1787326941,14313,brain_daemon,362384
1787326941,32999,arc_client,88432
1787326943,14313,brain_daemon,363040
1787326943,32999,arc_client,88432
1787326945,14313,brain_daemon,363072
1787326945,32999,arc_client,88432
1787326947,14313,brain_daemon,365952
1787326947,32999,arc_client,88432
1787326949,14313,brain_daemon,365952
1787326949,32999,arc_client,88432
1787326951,14313,brain_daemon,365952
1787326951,32999,arc_client,88432
1787326953,14313,brain_daemon,365952
1787326953,32999,arc_client,88432
1787326955,14313,brain_daemon,365952
1787326955,32999,arc_client,88432
1787326957,14313,brain_daemon,880000
1787326957,32999,arc_client,87744
1787326959,14313,brain_daemon,929008
1787326959,32999,arc_client,51520
1787326962,14313,brain_daemon,963792
1787326962,32999,arc_client,51504
1787326964,14313,brain_daemon,1001392
1787326964,32999,arc_client,51664
1787326966,14313,brain_daemon,1039536
1787326966,32999,arc_client,51664
1787326968,14313,brain_daemon,1078464
1787326968,32999,arc_client,51664
1787326970,14313,brain_daemon,1113680
1787326970,32999,arc_client,51664
1787326972,14313,brain_daemon,1153824
1787326972,32999,arc_client,51664
1787326974,14313,brain_daemon,1192576
1787326974,32999,arc_client,51664
1787326976,14313,brain_daemon,1228560
1787326976,32999,arc_client,51664
1787326978,14313,brain_daemon,1262416
1787326978,32999,arc_client,51664
1787326980,14313,brain_daemon,1298064
1787326980,32999,arc_client,51664
1787326982,14313,brain_daemon,1332048
1787326982,32999,arc_client,51664
1787326984,14313,brain_daemon,1367088
1787326984,32999,arc_client,51664
1787326986,14313,brain_daemon,1402848
1787326986,32999,arc_client,51664
1787326988,14313,brain_daemon,1438960
1787326988,32999,arc_client,52000
1787326990,14313,brain_daemon,1472336
1787326990,32999,arc_client,52000
1787326992,14313,brain_daemon,1505024
1787326992,32999,arc_client,52000
1787326994,14313,brain_daemon,1535616
1787326994,32999,arc_client,52000
1787326996,14313,brain_daemon,1571376
1787326996,32999,arc_client,52000
1787326998,14313,brain_daemon,1601520
1787326998,32999,arc_client,52000
1787327000,14313,brain_daemon,1636080
1787327000,32999,arc_client,52000
1787327002,14313,brain_daemon,1670544
1787327002,32999,arc_client,52000
1787327005,14313,brain_daemon,1707328
1787327005,32999,arc_client,52000
1787327007,14313,brain_daemon,1743712
1787327007,32999,arc_client,52000
1787327009,14313,brain_daemon,1781536
1787327009,32999,arc_client,52000
1787327011,14313,brain_daemon,1818464
1787327011,32999,arc_client,52000
1787327013,14313,brain_daemon,1852544
1787327013,32999,arc_client,51744
1787327015,14313,brain_daemon,1877184
1787327015,32999,arc_client,51712
1787327017,14313,brain_daemon,1914656
1787327017,32999,arc_client,51584
1787327019,14313,brain_daemon,1952064
1787327019,32999,arc_client,51584
1787327021,14313,brain_daemon,1252592
1787327021,32999,arc_client,47648
1787327023,14313,brain_daemon,1223680
1787327023,32999,arc_client,47328
1787327025,14313,brain_daemon,1072272
1787327025,32999,arc_client,46752
1787327027,14313,brain_daemon,894464
1787327027,32999,arc_client,47040
1787327029,14313,brain_daemon,911328
1787327029,32999,arc_client,47040
1787327031,14313,brain_daemon,932592
1787327031,32999,arc_client,47040
1787327033,14313,brain_daemon,955168
1787327033,32999,arc_client,47040
1787327035,14313,brain_daemon,961920
1787327035,32999,arc_client,47040
1787327037,14313,brain_daemon,961920
1787327037,32999,arc_client,47040
1787327039,14313,brain_daemon,961936
1787327039,32999,arc_client,47040
1787327042,14313,brain_daemon,668368
1787327042,32999,arc_client,50336
1787327044,14313,brain_daemon,663248
1787327044,32999,arc_client,50272
1787327046,14313,brain_daemon,631648
1787327046,32999,arc_client,50400
1787327048,14313,brain_daemon,627536
1787327048,32999,arc_client,50400
1787327050,14313,brain_daemon,627536
1787327050,32999,arc_client,50400
1787327052,14313,brain_daemon,635840
1787327052,32999,arc_client,50176
1787327054,14313,brain_daemon,634336
1787327054,32999,arc_client,50144
1787327056,14313,brain_daemon,634352
1787327056,32999,arc_client,50144
1787327058,14313,brain_daemon,497680
1787327058,32999,arc_client,50912
1787327060,14313,brain_daemon,438944
1787327060,32999,arc_client,50880
1787327062,14313,brain_daemon,420432
1787327062,32999,arc_client,50880
1787327064,14313,brain_daemon,417936
1787327064,32999,arc_client,50832
1787327066,14313,brain_daemon,415936
1787327066,32999,arc_client,50832
1787327068,14313,brain_daemon,371920
1787327068,32999,arc_client,50768
1787327070,14313,brain_daemon,371056
1787327070,32999,arc_client,50768
1787327072,14313,brain_daemon,360928
1787327072,32999,arc_client,50768
1787327074,14313,brain_daemon,333872
1787327074,32999,arc_client,51328
1787327076,14313,brain_daemon,333872
1787327076,32999,arc_client,51328
1787327078,14313,brain_daemon,333152
1787327078,32999,arc_client,51328
1787327080,14313,brain_daemon,333952
1787327080,32999,arc_client,51328
1787327082,14313,brain_daemon,335200
1787327082,32999,arc_client,51328
1787327084,14313,brain_daemon,315808
1787327084,32999,arc_client,50512
1787327086,14313,brain_daemon,234960
1787327086,32999,arc_client,38704
1787327088,14313,brain_daemon,275712
1787327088,32999,arc_client,47296
1787327091,14313,brain_daemon,276336
1787327091,32999,arc_client,47440
1787327093,14313,brain_daemon,276400
1787327093,32999,arc_client,47440
1787327095,14313,brain_daemon,276480
1787327095,32999,arc_client,47440
1787327097,14313,brain_daemon,304896
1787327097,32999,arc_client,47344
1787327099,14313,brain_daemon,302736
1787327099,32999,arc_client,47296
1787327101,14313,brain_daemon,302832
1787327101,32999,arc_client,47296
1787327103,14313,brain_daemon,302832
1787327103,32999,arc_client,47296
1787327105,14313,brain_daemon,256224
1787327105,32999,arc_client,47840
1787327107,14313,brain_daemon,256064
1787327107,32999,arc_client,47840
1787327109,14313,brain_daemon,256032
1787327109,32999,arc_client,47600
1787327111,14313,brain_daemon,316000
1787327111,32999,arc_client,47568
1787327113,14313,brain_daemon,315936
1787327113,32999,arc_client,47568
1787327115,14313,brain_daemon,315968
1787327115,32999,arc_client,47568
1787327117,14313,brain_daemon,315968
1787327117,32999,arc_client,47568
1787327119,14313,brain_daemon,315968
1787327119,32999,arc_client,47568
1787327121,14313,brain_daemon,313152
1787327121,32999,arc_client,48064
1787327123,14313,brain_daemon,309536
1787327123,32999,arc_client,47712
1787327125,14313,brain_daemon,309440
1787327125,32999,arc_client,47712
1787327127,14313,brain_daemon,310368
1787327127,32999,arc_client,47712
1787327129,14313,brain_daemon,309296
1787327129,32999,arc_client,47648
1787327131,14313,brain_daemon,309200
1787327131,32999,arc_client,47328
1787327133,14313,brain_daemon,308784
1787327133,32999,arc_client,47328
1787327135,14313,brain_daemon,313616
1787327135,32999,arc_client,47792
1787327137,14313,brain_daemon,304768
1787327137,32999,arc_client,43424
1787327139,14313,brain_daemon,306640
1787327139,32999,arc_client,44832
1787327142,14313,brain_daemon,314736
1787327142,32999,arc_client,44832
1787327144,14313,brain_daemon,314752
1787327144,32999,arc_client,44832
1787327146,14313,brain_daemon,314752
1787327146,32999,arc_client,44832
1787327148,14313,brain_daemon,314768
1787327148,32999,arc_client,44832
1787327150,14313,brain_daemon,314768
1787327150,32999,arc_client,44832
1787327152,14313,brain_daemon,305504
1787327152,32999,arc_client,47920
1787327154,14313,brain_daemon,284880
1787327154,32999,arc_client,45664
1787327156,14313,brain_daemon,283552
1787327156,32999,arc_client,45632
1787327158,14313,brain_daemon,297056
1787327158,32999,arc_client,45632
1787327160,14313,brain_daemon,297056
1787327160,32999,arc_client,45632
1787327162,14313,brain_daemon,297600
1787327162,32999,arc_client,45632
1787327164,14313,brain_daemon,297600
1787327164,32999,arc_client,45632
1787327166,14313,brain_daemon,315920
1787327166,32999,arc_client,47792
1787327168,14313,brain_daemon,312192
1787327168,32999,arc_client,47536
1787327170,14313,brain_daemon,313472
1787327170,32999,arc_client,47648
1787327172,14313,brain_daemon,317792
1787327172,32999,arc_client,47616
1787327174,14313,brain_daemon,317792
1787327174,32999,arc_client,47616
1787327176,14313,brain_daemon,308112
1787327176,32999,arc_client,47392
1787327178,14313,brain_daemon,308112
1787327178,32999,arc_client,47392
1787327180,14313,brain_daemon,308112
1787327180,32999,arc_client,47392
1787327182,14313,brain_daemon,313904
1787327182,32999,arc_client,47920
1787327184,14313,brain_daemon,311552
1787327184,32999,arc_client,47920
1787327186,14313,brain_daemon,314784
1787327186,32999,arc_client,47952
1787327188,14313,brain_daemon,306368
1787327188,32999,arc_client,44112
1787327191,14313,brain_daemon,308432
1787327191,32999,arc_client,44112
1787327193,14313,brain_daemon,308432
1787327193,32999,arc_client,44112
1787327195,14313,brain_daemon,308432
1787327195,32999,arc_client,44112
1787327197,14313,brain_daemon,308416
1787327197,32999,arc_client,44112
1787327199,14313,brain_daemon,308416
1787327199,32999,arc_client,44112
1787327201,14313,brain_daemon,313456
1787327201,32999,arc_client,48096
1787327203,14313,brain_daemon,313296
1787327203,32999,arc_client,47952
1787327205,14313,brain_daemon,297376
1787327205,32999,arc_client,45904
1787327207,14313,brain_daemon,297392
1787327207,32999,arc_client,45904
1787327209,14313,brain_daemon,297392
1787327209,32999,arc_client,45904
1787327211,14313,brain_daemon,297728
1787327211,32999,arc_client,45904
1787327213,14313,brain_daemon,297728
1787327213,32999,arc_client,45904
1787327215,14313,brain_daemon,317216
1787327215,32999,arc_client,48064
1787327217,14313,brain_daemon,322880
1787327217,32999,arc_client,48064
1787327219,14313,brain_daemon,323568
1787327219,32999,arc_client,48096
1787327221,14313,brain_daemon,323584
1787327221,32999,arc_client,48096
1787327223,14313,brain_daemon,323584
1787327223,32999,arc_client,48096
1787327225,14313,brain_daemon,323584
1787327225,32999,arc_client,48096
1787327227,14313,brain_daemon,323600
1787327227,32999,arc_client,48096
1787327229,14313,brain_daemon,323600
1787327229,32999,arc_client,48096
1787327231,14313,brain_daemon,341280
1787327231,32999,arc_client,48800
1787327233,14313,brain_daemon,357424
1787327233,32999,arc_client,48800
1787327235,14313,brain_daemon,357440
1787327235,32999,arc_client,48800
1787327237,14313,brain_daemon,357792
1787327237,32999,arc_client,48832
1787327239,14313,brain_daemon,357808
1787327239,32999,arc_client,48832
1787327242,14313,brain_daemon,357808
1787327242,32999,arc_client,48832
1787327244,14313,brain_daemon,357808
1787327244,32999,arc_client,48832
1787327246,14313,brain_daemon,357808
1787327246,32999,arc_client,48832
1787327248,14313,brain_daemon,357952
1787327248,32999,arc_client,48832
1787327250,14313,brain_daemon,357952
1787327250,32999,arc_client,48832
1787327252,14313,brain_daemon,349808
1787327252,32999,arc_client,48784
1787327254,14313,brain_daemon,281296
1787327254,32999,arc_client,45328
1787327256,14313,brain_daemon,277888
1787327256,32999,arc_client,45328
1787327258,14313,brain_daemon,272992
1787327258,32999,arc_client,44352
1787327260,14313,brain_daemon,273008
1787327260,32999,arc_client,44352
1787327262,14313,brain_daemon,320960
1787327262,32999,arc_client,44352
1787327264,14313,brain_daemon,320976
1787327264,32999,arc_client,44352
1787327266,14313,brain_daemon,320976
1787327266,32999,arc_client,44352
1787327268,14313,brain_daemon,320976
1787327268,32999,arc_client,44352
1787327270,14313,brain_daemon,320976
1787327270,32999,arc_client,44352
1787327272,14313,brain_daemon,340608
1787327272,32999,arc_client,48624
1787327274,14313,brain_daemon,340624
1787327274,32999,arc_client,48624
1787327276,14313,brain_daemon,341344
1787327276,32999,arc_client,48640
1787327278,14313,brain_daemon,349184
1787327278,32999,arc_client,48640
1787327280,14313,brain_daemon,349184
1787327280,32999,arc_client,48640
1787327282,14313,brain_daemon,349184
1787327282,32999,arc_client,48640
1787327285,14313,brain_daemon,349184
1787327285,32999,arc_client,48640
1787327287,14313,brain_daemon,349184
1787327287,32999,arc_client,48640
1787327289,14313,brain_daemon,349216
1787327289,32999,arc_client,48640
1787327291,14313,brain_daemon,349600
1787327291,32999,arc_client,48736
1787327293,14313,brain_daemon,359392
1787327293,32999,arc_client,49248
1787327295,14313,brain_daemon,359392
1787327295,32999,arc_client,49248
1787327297,14313,brain_daemon,360048
1787327297,32999,arc_client,49312
1787327299,14313,brain_daemon,360048
1787327299,32999,arc_client,49312
1787327301,14313,brain_daemon,360048
1787327301,32999,arc_client,49312
1787327303,14313,brain_daemon,360064
1787327303,32999,arc_client,49312
1787327305,14313,brain_daemon,360064
1787327305,32999,arc_client,49312
1787327307,14313,brain_daemon,360064
1787327307,32999,arc_client,49312
1787327309,14313,brain_daemon,360080
1787327309,32999,arc_client,49312
1787327311,14313,brain_daemon,369456
1787327311,32999,arc_client,61360
1787327313,14313,brain_daemon,369456
1787327313,32999,arc_client,61360
1787327315,14313,brain_daemon,369472
1787327315,32999,arc_client,61360
1787327317,14313,brain_daemon,369472
1787327317,32999,arc_client,61360
1787327319,14313,brain_daemon,369472
1787327319,32999,arc_client,61360
1787327321,14313,brain_daemon,369504
1787327321,32999,arc_client,61360
1787327323,14313,brain_daemon,371488
1787327323,32999,arc_client,61472
1787327325,14313,brain_daemon,377232
1787327325,32999,arc_client,61504
1787327327,14313,brain_daemon,377248
1787327327,32999,arc_client,61504
1787327329,14313,brain_daemon,377248
1787327329,32999,arc_client,61504
1787327331,14313,brain_daemon,377280
1787327331,32999,arc_client,61504
1787327333,14313,brain_daemon,1133392
1787327333,32999,arc_client,60736
1787327336,14313,brain_daemon,1183264
1787327336,32999,arc_client,60736
1787327338,14313,brain_daemon,1222864
1787327338,32999,arc_client,60736
1787327340,14313,brain_daemon,1255712
1787327340,32999,arc_client,60736
1787327342,14313,brain_daemon,1293088
1787327342,32999,arc_client,60736
1787327344,14313,brain_daemon,1330480
1787327344,32999,arc_client,60736
1787327346,14313,brain_daemon,1367536
1787327346,32999,arc_client,60752
1787327348,14313,brain_daemon,1407328
1787327348,32999,arc_client,60752
1787327350,14313,brain_daemon,1446832
1787327350,32999,arc_client,60752
1787327352,14313,brain_daemon,1483024
1787327352,32999,arc_client,60752
1787327354,14313,brain_daemon,1518912
1787327354,32999,arc_client,60752
1787327356,14313,brain_daemon,1554480
1787327356,32999,arc_client,60752
1787327358,14313,brain_daemon,1588912
1787327358,32999,arc_client,60752
1787327360,14313,brain_daemon,1606560
1787327360,32999,arc_client,60720
1787327362,14313,brain_daemon,1598592
1787327362,32999,arc_client,60720
1787327364,14313,brain_daemon,1605456
1787327364,32999,arc_client,60720
1787327366,14313,brain_daemon,1639040
1787327366,32999,arc_client,60720
1787327368,14313,brain_daemon,1672176
1787327368,32999,arc_client,60720
1787327370,14313,brain_daemon,1707488
1787327370,32999,arc_client,60848
1787327372,14313,brain_daemon,1738160
1787327372,32999,arc_client,60848
1787327374,14313,brain_daemon,1772768
1787327374,32999,arc_client,60848
1787327376,14313,brain_daemon,1808880
1787327376,32999,arc_client,60848
1787327379,14313,brain_daemon,1845456
1787327379,32999,arc_client,60848
1787327381,14313,brain_daemon,1883648
1787327381,32999,arc_client,60848
1787327383,14313,brain_daemon,1924512
1787327383,32999,arc_client,60848
1787327385,14313,brain_daemon,1966608
1787327385,32999,arc_client,60848
1787327387,14313,brain_daemon,1846992
1787327387,32999,arc_client,58528
1787327389,14313,brain_daemon,1863392
1787327389,32999,arc_client,58528
1787327391,14313,brain_daemon,1891616
1787327391,32999,arc_client,58608
1787327393,14313,brain_daemon,1907568
1787327393,32999,arc_client,58608
1787327395,14313,brain_daemon,1921552
1787327395,32999,arc_client,58608
1787327397,14313,brain_daemon,1653600
1787327397,32999,arc_client,57008
1787327399,14313,brain_daemon,1238416
1787327399,32999,arc_client,40752
1787327401,14313,brain_daemon,1045440
1787327401,32999,arc_client,40016
1787327403,14313,brain_daemon,1039568
1787327403,32999,arc_client,39664
1787327405,14313,brain_daemon,904368
1787327405,32999,arc_client,40704
1787327407,14313,brain_daemon,829344
1787327407,32999,arc_client,40704
1787327409,14313,brain_daemon,889232
1787327409,32999,arc_client,40704
1787327411,14313,brain_daemon,889232
1787327411,32999,arc_client,40704
1787327413,14313,brain_daemon,938832
1787327413,32999,arc_client,40704
1787327415,14313,brain_daemon,938832
1787327415,32999,arc_client,40704
1787327417,14313,brain_daemon,938912
1787327417,32999,arc_client,40704
1787327419,14313,brain_daemon,938912
1787327419,32999,arc_client,40704
1787327421,14313,brain_daemon,422752
1787327421,32999,arc_client,46544
1787327424,14313,brain_daemon,364976
1787327424,32999,arc_client,35488
1787327426,14313,brain_daemon,365040
1787327426,32999,arc_client,35488
1787327428,14313,brain_daemon,445008
1787327428,32999,arc_client,46576
1787327430,14313,brain_daemon,445104
1787327430,32999,arc_client,46576
1787327432,14313,brain_daemon,445104
1787327432,32999,arc_client,46576
1787327434,14313,brain_daemon,445136
1787327434,32999,arc_client,46576
1787327436,14313,brain_daemon,445136
1787327436,32999,arc_client,46576
1787327438,14313,brain_daemon,461024
1787327438,32999,arc_client,47264
1787327440,14313,brain_daemon,448464
1787327440,32999,arc_client,47024
1787327442,14313,brain_daemon,448464
1787327442,32999,arc_client,47024
1787327444,14313,brain_daemon,422176
1787327444,32999,arc_client,47232
1787327446,14313,brain_daemon,422176
1787327446,32999,arc_client,47232
1787327448,14313,brain_daemon,423440
1787327448,32999,arc_client,47232
1787327450,14313,brain_daemon,423456
1787327450,32999,arc_client,47232
1787327452,14313,brain_daemon,423456
1787327452,32999,arc_client,47232
1787327454,14313,brain_daemon,423456
1787327454,32999,arc_client,47232
1787327456,14313,brain_daemon,423456
1787327456,32999,arc_client,47232
1787327458,14313,brain_daemon,320048
1787327458,32999,arc_client,36864
1787327460,14313,brain_daemon,320048
1787327460,32999,arc_client,36864
1787327462,14313,brain_daemon,331504
1787327462,32999,arc_client,46624
1787327464,14313,brain_daemon,331504
1787327464,32999,arc_client,46624
1787327466,14313,brain_daemon,331504
1787327466,32999,arc_client,46624
1787327468,14313,brain_daemon,332352
1787327468,32999,arc_client,46624
1787327470,14313,brain_daemon,332352
1787327470,32999,arc_client,46624
1787327473,14313,brain_daemon,332960
1787327473,32999,arc_client,46624
1787327475,14313,brain_daemon,342144
1787327475,32999,arc_client,47760
1787327477,14313,brain_daemon,342144
1787327477,32999,arc_client,47760
1787327479,14313,brain_daemon,342656
1787327479,32999,arc_client,47760
1787327481,14313,brain_daemon,328192
1787327481,32999,arc_client,47552
1787327483,14313,brain_daemon,328096
1787327483,32999,arc_client,47520
1787327485,14313,brain_daemon,328096
1787327485,32999,arc_client,47520
1787327487,14313,brain_daemon,328096
1787327487,32999,arc_client,47520
1787327489,14313,brain_daemon,343504
1787327489,32999,arc_client,47520
1787327491,14313,brain_daemon,343504
1787327491,32999,arc_client,47520
1787327493,14313,brain_daemon,341920
1787327493,32999,arc_client,47680
1787327495,14313,brain_daemon,277664
1787327495,32999,arc_client,42160
1787327497,14313,brain_daemon,277680
1787327497,32999,arc_client,42160
1787327499,14313,brain_daemon,296496
1787327499,32999,arc_client,42512
1787327501,14313,brain_daemon,296544
1787327501,32999,arc_client,42512
1787327503,14313,brain_daemon,333280
1787327503,32999,arc_client,42512
1787327505,14313,brain_daemon,333296
1787327505,32999,arc_client,42512
1787327507,14313,brain_daemon,333344
1787327507,32999,arc_client,42512
1787327509,14313,brain_daemon,333360
1787327509,32999,arc_client,42512
1787327511,14313,brain_daemon,333360
1787327511,32999,arc_client,42560
1787327513,14313,brain_daemon,333328
1787327513,32999,arc_client,47744
1787327515,14313,brain_daemon,333344
1787327515,32999,arc_client,47744
1787327517,14313,brain_daemon,343648
1787327517,32999,arc_client,47840
1787327519,14313,brain_daemon,352176
1787327519,32999,arc_client,47840
1787327522,14313,brain_daemon,352192
1787327522,32999,arc_client,47840
1787327524,14313,brain_daemon,352192
1787327524,32999,arc_client,47840
1787327526,14313,brain_daemon,352208
1787327526,32999,arc_client,47840
1787327528,14313,brain_daemon,352240
1787327528,32999,arc_client,47840
1787327530,14313,brain_daemon,352240
1787327530,32999,arc_client,47840
1787327532,14313,brain_daemon,351376
1787327532,32999,arc_client,47888
1787327534,14313,brain_daemon,300368
1787327534,32999,arc_client,42496
1787327536,14313,brain_daemon,300368
1787327536,32999,arc_client,42496
1787327538,14313,brain_daemon,309920
1787327538,32999,arc_client,46608
1787327540,14313,brain_daemon,310288
1787327540,32999,arc_client,46608
1787327542,14313,brain_daemon,310288
1787327542,32999,arc_client,46608
1787327544,14313,brain_daemon,310288
1787327544,32999,arc_client,46608
1787327546,14313,brain_daemon,310288
1787327546,32999,arc_client,46608
1787327548,14313,brain_daemon,312496
1787327548,32999,arc_client,46608
1787327550,14313,brain_daemon,312704
1787327550,32999,arc_client,46608
1787327552,14313,brain_daemon,299232
1787327552,32999,arc_client,39360
1787327554,14313,brain_daemon,277872
1787327554,32999,arc_client,38208
1787327556,14313,brain_daemon,278336
1787327556,32999,arc_client,48176
1787327558,14313,brain_daemon,292192
1787327558,32999,arc_client,48400
1787327560,14313,brain_daemon,292368
1787327560,32999,arc_client,48400
1787327562,14313,brain_daemon,292384
1787327562,32999,arc_client,48400
1787327564,14313,brain_daemon,303648
1787327564,32999,arc_client,48400
1787327566,14313,brain_daemon,303664
1787327566,32999,arc_client,48400
1787327568,14313,brain_daemon,326656
1787327568,32999,arc_client,52400
1787327570,14313,brain_daemon,326672
1787327570,32999,arc_client,52400
1787327572,14313,brain_daemon,326672
1787327572,32999,arc_client,52416
1787327575,14313,brain_daemon,327936
1787327575,32999,arc_client,52464
1787327577,14313,brain_daemon,327936
1787327577,32999,arc_client,52464
1787327579,14313,brain_daemon,343376
1787327579,32999,arc_client,52464
1787327581,14313,brain_daemon,343376
1787327581,32999,arc_client,52464
1787327583,14313,brain_daemon,343376
1787327583,32999,arc_client,52464
1787327585,14313,brain_daemon,343376
1787327585,32999,arc_client,52464
1787327587,14313,brain_daemon,343968
1787327587,32999,arc_client,52576
1787327589,14313,brain_daemon,343968
1787327589,32999,arc_client,52576
1787327591,14313,brain_daemon,342784
1787327591,32999,arc_client,52304
1787327593,14313,brain_daemon,318432
1787327593,32999,arc_client,46144
1787327595,14313,brain_daemon,327392
1787327595,32999,arc_client,46144
1787327597,14313,brain_daemon,327392
1787327597,32999,arc_client,46144
1787327599,14313,brain_daemon,327424
1787327599,32999,arc_client,46144
1787327601,14313,brain_daemon,327424
1787327601,32999,arc_client,46144
1787327603,14313,brain_daemon,327424
1787327603,32999,arc_client,46144
1787327605,14313,brain_daemon,327424
1787327605,32999,arc_client,46144
1787327607,14313,brain_daemon,337888
1787327607,32999,arc_client,47328
1787327609,14313,brain_daemon,344688
1787327609,32999,arc_client,47328
1787327611,14313,brain_daemon,344016
1787327611,32999,arc_client,47328
1787327613,14313,brain_daemon,333808
1787327613,32999,arc_client,47376
1787327615,14313,brain_daemon,320896
1787327615,32999,arc_client,43280
1787327617,14313,brain_daemon,320560
1787327617,32999,arc_client,43280
1787327619,14313,brain_daemon,320624
1787327619,32999,arc_client,43280
1787327621,14313,brain_daemon,320656
1787327621,32999,arc_client,43280
1787327623,14313,brain_daemon,320656
1787327623,32999,arc_client,43280
1787327626,14313,brain_daemon,320736
1787327626,32999,arc_client,43280
1787327628,14313,brain_daemon,340480
1787327628,32999,arc_client,47840
1787327630,14313,brain_daemon,340496
1787327630,32999,arc_client,47840
1787327632,14313,brain_daemon,340496
1787327632,32999,arc_client,47840
1787327634,14313,brain_daemon,340496
1787327634,32999,arc_client,47840
1787327636,14313,brain_daemon,340496
1787327636,32999,arc_client,47840
1787327638,14313,brain_daemon,340528
1787327638,32999,arc_client,47840
1787327640,14313,brain_daemon,344112
1787327640,32999,arc_client,47840
1787327642,14313,brain_daemon,356096
1787327642,32999,arc_client,48336
1787327644,14313,brain_daemon,356096
1787327644,32999,arc_client,48336
1787327646,14313,brain_daemon,356096
1787327646,32999,arc_client,48336
1787327648,14313,brain_daemon,357104
1787327648,32999,arc_client,48432
1787327650,14313,brain_daemon,357104
1787327650,32999,arc_client,48432
1787327652,14313,brain_daemon,357136
1787327652,32999,arc_client,48432
1787327654,14313,brain_daemon,357920
1787327654,32999,arc_client,48432
1787327656,14313,brain_daemon,357920
1787327656,32999,arc_client,48432
1787327658,14313,brain_daemon,357936
1787327658,32999,arc_client,48432
1787327660,14313,brain_daemon,360896
1787327660,32999,arc_client,48928
1787327662,14313,brain_daemon,360928
1787327662,32999,arc_client,48928
1787327664,14313,brain_daemon,360928
1787327664,32999,arc_client,48928
1787327666,14313,brain_daemon,361552
1787327666,32999,arc_client,48944
1787327668,14313,brain_daemon,361552
1787327668,32999,arc_client,48944
1787327670,14313,brain_daemon,362176
1787327670,32999,arc_client,48976
1787327672,14313,brain_daemon,362192
1787327672,32999,arc_client,48976
1787327675,14313,brain_daemon,362192
1787327675,32999,arc_client,48976
1787327677,14313,brain_daemon,362192
1787327677,32999,arc_client,48976
1787327679,14313,brain_daemon,362192
1787327679,32999,arc_client,48976
1787327681,14313,brain_daemon,363952
1787327681,32999,arc_client,49280
1787327683,14313,brain_daemon,365376
1787327683,32999,arc_client,49296
1787327685,14313,brain_daemon,366144
1787327685,32999,arc_client,49296
1787327687,14313,brain_daemon,360544
1787327687,32999,arc_client,49232
1787327689,14313,brain_daemon,359616
1787327689,32999,arc_client,49232
1787327691,14313,brain_daemon,359616
1787327691,32999,arc_client,49232
1787327693,14313,brain_daemon,359616
1787327693,32999,arc_client,49232
1787327695,14313,brain_daemon,359616
1787327695,32999,arc_client,49232
1787327697,14313,brain_daemon,359616
1787327697,32999,arc_client,49232
1787327699,14313,brain_daemon,359616
1787327699,32999,arc_client,49232
1787327701,14313,brain_daemon,359696
1787327701,32999,arc_client,49232
1787327703,14313,brain_daemon,362992
1787327703,32999,arc_client,49584
1787327705,14313,brain_daemon,362992
1787327705,32999,arc_client,49584
1787327707,14313,brain_daemon,363120
1787327707,32999,arc_client,49632
1787327709,14313,brain_daemon,748384
1787327709,32999,arc_client,49552
1787327711,14313,brain_daemon,888256
1787327711,32999,arc_client,48128
1787327713,14313,brain_daemon,922720
1787327713,32999,arc_client,48048
1787327715,14313,brain_daemon,960016
1787327715,32999,arc_client,48048
1787327717,14313,brain_daemon,996960
1787327717,32999,arc_client,48048
1787327719,14313,brain_daemon,1032240
1787327719,32999,arc_client,48048
1787327722,14313,brain_daemon,1066080
1787327722,32999,arc_client,48048
1787327724,14313,brain_daemon,1102672
1787327724,32999,arc_client,48048
1787327726,14313,brain_daemon,1142880
1787327726,32999,arc_client,48080
1787327728,14313,brain_daemon,1182528
1787327728,32999,arc_client,48080
1787327730,14313,brain_daemon,1218368
1787327730,32999,arc_client,48080
1787327732,14313,brain_daemon,1253120
1787327732,32999,arc_client,48080
1787327734,14313,brain_daemon,1289632
1787327734,32999,arc_client,48080
1787327736,14313,brain_daemon,1324560
1787327736,32999,arc_client,48080
1787327738,14313,brain_daemon,1361056
1787327738,32999,arc_client,48080
1787327740,14313,brain_daemon,1397136
1787327740,32999,arc_client,48080
1787327742,14313,brain_daemon,1430768
1787327742,32999,arc_client,48080
1787327744,14313,brain_daemon,1466688
1787327744,32999,arc_client,48080
1787327746,14313,brain_daemon,1501104
1787327746,32999,arc_client,48080
1787327748,14313,brain_daemon,1536864
1787327748,32999,arc_client,48080
1787327750,14313,brain_daemon,1573888
1787327750,32999,arc_client,48080
1787327752,14313,brain_daemon,1607168
1787327752,32999,arc_client,48080
1787327754,14313,brain_daemon,1637712
1787327754,32999,arc_client,47888
1787327756,14313,brain_daemon,1116144
1787327756,32999,arc_client,43312
1787327758,14313,brain_daemon,1150320
1787327758,32999,arc_client,42880
1787327760,14313,brain_daemon,1185680
1787327760,32999,arc_client,42880
1787327762,14313,brain_daemon,1222528
1787327762,32999,arc_client,43024
1787327764,14313,brain_daemon,1247760
1787327764,32999,arc_client,42848
1787327767,14313,brain_daemon,1171264
1787327767,32999,arc_client,42416
1787327769,14313,brain_daemon,1206928
1787327769,32999,arc_client,42416
1787327771,14313,brain_daemon,1248000
1787327771,32999,arc_client,42416
1787327773,14313,brain_daemon,1285184
1787327773,32999,arc_client,42416
1787327775,14313,brain_daemon,877056
1787327775,32999,arc_client,37456
1787327777,14313,brain_daemon,848608
1787327777,32999,arc_client,38672
1787327779,14313,brain_daemon,828656
1787327779,32999,arc_client,38128
1787327781,14313,brain_daemon,735744
1787327781,32999,arc_client,38096
1787327783,14313,brain_daemon,766960
1787327783,32999,arc_client,38096
1787327785,14313,brain_daemon,812384
1787327785,32999,arc_client,38064
1787327787,14313,brain_daemon,750528
1787327787,32999,arc_client,42736
1787327789,14313,brain_daemon,745184
1787327789,32999,arc_client,47040
1787327791,14313,brain_daemon,756160
1787327791,32999,arc_client,47040
1787327793,14313,brain_daemon,714864
1787327793,32999,arc_client,47248
1787327795,14313,brain_daemon,590096
1787327795,32999,arc_client,47184
1787327797,14313,brain_daemon,590016
1787327797,32999,arc_client,47184
1787327799,14313,brain_daemon,590016
1787327799,32999,arc_client,47184
1787327801,14313,brain_daemon,590016
1787327801,32999,arc_client,47184
1787327803,14313,brain_daemon,590016
1787327803,32999,arc_client,47184
1787327805,14313,brain_daemon,576880
1787327805,32999,arc_client,52320
